"meanfreq","sd","median","Q25","Q75","IQR","skew","kurt","sp.ent","sfm","mode","centroid","meanfun","minfun","maxfun","meandom","mindom","maxdom","dfrange","modindx","label"
0.243528036637205,0.0273759704971098,0.248505392912173,0.233405238828968,0.257996918335901,0.0245916795069338,2.82230027879416,12.0889590298879,0.782801715766122,0.0990579353605923,0.254545454545455,0.243528036637205,0.204209780686982,0.0474308300395257,0.27906976744186,1.38072916666667,0.234375,10.078125,9.84375,0.121312427409988,"female"
0.165976876631683,0.0573577048985538,0.174283697953423,0.110656316160903,0.212025405786874,0.10136908962597,1.14431896342662,4.18689203832847,0.940428258238459,0.480574095995271,0.0964290755116443,0.165976876631683,0.0957823257183137,0.0160320641282565,0.216216216216216,0.61402027027027,0.0078125,3.6875,3.6796875,0.223519698041991,"male"
0.224698180190762,0.0332975822599065,0.226416510318949,0.218011257035647,0.23797373358349,0.0199624765478424,3.12829455021853,13.7567151106376,0.791817132238013,0.184990954005329,0.221688555347092,0.224698180190762,0.189975507346451,0.0542372881355932,0.269662921348315,1.58091517857143,0.234375,8.484375,8.25,0.135866477272727,"female"
0.166018419914573,0.0582832899309745,0.177134459955915,0.10903747244673,0.212725936811168,0.103688464364438,1.35026238325896,4.57490360676735,0.935345626924526,0.509350268939864,0.213343130051433,0.166018419914573,0.0973166189485288,0.0167364016736402,0.262295081967213,0.469805743243243,0.0078125,3.609375,3.6015625,0.188177874186551,"male"
0.243528036637205,0.0273759704971098,0.248505392912173,0.233405238828968,0.257996918335901,0.0245916795069338,2.82230027879416,12.0889590298879,0.782801715766122,0.0990579353605923,0.254545454545455,0.243528036637205,0.204209780686982,0.0474308300395257,0.27906976744186,1.38072916666667,0.234375,10.078125,9.84375,0.121312427409988,"female"
0.16955370557131,0.0567869893442965,0.185714285714286,0.109795918367347,0.208571428571429,0.0987755102040816,2.64915537378286,13.0826060921761,0.917171196602622,0.439120979054412,0.194285714285714,0.16955370557131,0.0899360668613925,0.020125786163522,0.2,0.338975694444444,0.1015625,2.5625,2.4609375,0.148459383753501,"male"
